Exp,Parcela,Bloque,Trat,Anio,Tipo_Exp,Bio_final_kg_ha,Rend_PH_kg_ha
1,3,1,Control,2014,FI,5960.52631578947,3009.67937084089
1,8,2,Control,2014,FI,5881.57894736842,2949.1833030853
1,2,1,N,2014,FI,9973.68421052632,4506.95704779189
1,6,2,N,2014,FI,7842.1052631579,3433.15184513007
1,4,1,Nf20,2014,FI,5315.78947368421,2586.20689655172
1,5,2,Nf20,2014,FI,6934.21052631579,3675.13611615245
1,1,1,S,2014,FI,5723.68421052632,3115.54748941319
1,7,2,S,2014,FI,4552.63157894737,2419.84271022384
2,3,1,Control,2014,FI,7236.84210526316,3796.12825166364
2,8,2,Control,2014,FI,7539.47368421053,3660.01209921355
2,2,1,N,2014,FI,9697.36842105263,4401.0889292196
2,6,2,N,2014,FI,8723.68421052632,3781.00423472474
2,4,1,Nf20,2014,FI,7315.78947368421,3750.75620084694
2,5,2,Nf20,2014,FI,6605.26315789474,3176.04355716878
2,1,1,S,2014,FI,7710.52631578947,3796.12825166364
2,7,2,S,2014,FI,7381.57894736842,3539.01996370236
3,3,1,Control,2014,FI,7263.15789473684,3599.51603145796
3,8,2,Control,2014,FI,7973.68421052632,3675.13611615245
3,2,1,N,2014,FI,8671.05263157895,3660.01209921355
3,6,2,N,2014,FI,8447.36842105263,3539.01996370236
3,4,1,Nf20,2014,FI,7736.84210526316,3735.63218390805
3,5,2,Nf20,2014,FI,8342.1052631579,3962.49243799153
3,1,1,S,2014,FI,8078.94736842105,3720.50816696915
3,7,2,S,2014,FI,8473.68421052632,4053.23653962492
4,3,1,Control,2014,FI,6776.31578947368,3554.14398064126
4,8,2,Control,2014,FI,6328.94736842105,3266.78765880218
4,2,1,N,2014,FI,8592.1052631579,3826.37628554144
4,6,2,N,2014,FI,9868.42105263158,4567.45311554749
4,4,1,Nf20,2014,FI,7697.36842105263,3947.36842105263
4,5,2,Nf20,2014,FI,8197.36842105263,4143.98064125832
4,1,1,S,2014,FI,5328.94736842105,2707.19903206292
4,7,2,S,2014,FI,6421.05263157895,3221.41560798548
5,3,1,Control,2014,FI,10571.4285714286,3891.62561576355
5,8,2,Control,2014,FI,9314.28571428571,4942.52873563218
5,2,1,N,2014,FI,9700,4417.07717569787
5,6,2,N,2014,FI,9285.71428571429,5090.31198686371
5,4,1,Nf20,2014,FI,8214.28571428571,4236.45320197044
5,5,2,Nf20,2014,FI,9185.71428571429,5024.63054187192
5,1,1,S,2014,FI,10300,5320.19704433498
5,7,2,S,2014,FI,9900,5090.31198686371
6,3,1,Control,2014,FI,10257.1428571429,5599.34318555008
6,8,2,Control,2014,FI,10514.2857142857,5665.02463054187
6,2,1,N,2014,FI,12214.2857142857,6600.98522167488
6,6,2,N,2014,FI,14800,8193.76026272578
6,4,1,Nf20,2014,FI,10614.2857142857,5697.86535303777
6,5,2,Nf20,2014,FI,10500,5796.38752052545
6,1,1,S,2014,FI,9071.42857142857,4942.52873563218
6,7,2,S,2014,FI,NA,NA
7,3,1,Control,2014,FI,7500,4146.14121510673
7,8,2,Control,2014,FI,8452.38095238095,4679.80295566502
7,2,1,N,2014,FI,8726.19047619047,4666.11932129174
7,6,2,N,2014,FI,7726.19047619048,4269.29392446634
7,4,1,Nf20,2014,FI,7559.52380952381,4241.92665571976
7,5,2,Nf20,2014,FI,7142.85714285714,4022.98850574713
7,1,1,S,2014,FI,7238.09523809524,3927.2030651341
7,7,2,S,2014,FI,7738.09523809524,4296.66119321292
8,3,1,Control,2014,FI,8845.2380952381,5035.57744937055
8,8,2,Control,2014,FI,8547.61904761905,4584.017515052
8,2,1,N,2014,FI,14595.2380952381,7895.45703338807
8,6,2,N,2014,FI,12952.380952381,7088.12260536399
8,4,1,Nf20,2014,FI,10357.1428571429,5651.34099616858
8,5,2,Nf20,2014,FI,9916.66666666667,5555.55555555556
8,1,1,S,2014,FI,10595.2380952381,5719.75916803503
8,7,2,S,2014,FI,NA,NA
9,3,1,Control,2014,FI,6900,3628.89983579639
9,8,2,Control,2014,FI,6800,3563.2183908046
9,2,1,N,2014,FI,9628.57142857143,5041.05090311987
9,6,2,N,2014,FI,9000,4893.26765188834
9,4,1,Nf20,2014,FI,7414.28571428571,3760.26272577997
9,5,2,Nf20,2014,FI,7128.57142857143,4022.98850574713
9,1,1,S,2014,FI,7928.57142857143,4187.1921182266
9,7,2,S,2014,FI,6600,3579.63875205255
10,3,1,Control,2014,FI,7171.42857142857,3743.84236453202
10,8,2,Control,2014,FI,5328.57142857143,2775.04105090312
10,2,1,N,2014,FI,9542.85714285714,4696.22331691297
10,6,2,N,2014,FI,6371.42857142857,2906.4039408867
10,4,1,Nf20,2014,FI,6342.85714285714,3382.59441707718
10,5,2,Nf20,2014,FI,4114.28571428572,2085.38587848933
10,1,1,S,2014,FI,6700,3267.65188834154
10,7,2,S,2014,FI,5014.28571428571,2446.63382594417
11,3,1,Control,2014,FI,9886.36363636364,5133.22884012539
11,8,2,Control,2014,FI,9034.09090909091,5107.10553814002
11,2,1,N,2014,FI,12772.7272727273,6831.2434691745
11,6,2,N,2014,FI,12715.9090909091,6752.87356321839
11,4,1,Nf20,2014,FI,10795.4545454545,5864.68129571578
11,5,2,Nf20,2014,FI,11295.4545454545,6217.34587251829
11,1,1,S,2014,FI,9875,5355.27690700105
11,7,2,S,2014,FI,11545.4545454545,6426.33228840125
12,3,1,Control,2014,FI,9285.71428571429,5648.60426929393
12,8,2,Control,2014,FI,11071.4285714286,5730.70607553366
12,2,1,N,2014,FI,11485.7142857143,6075.53366174056
12,6,2,N,2014,FI,11771.4285714286,5862.06896551724
12,4,1,Nf20,2014,FI,9842.85714285714,5008.21018062397
12,5,2,Nf20,2014,FI,11071.4285714286,5418.71921182266
12,1,1,S,2014,FI,10414.2857142857,5353.03776683087
12,7,2,S,2014,FI,10657.1428571429,5533.66174055829
13,3,1,Control,2014,FI,5305.55555555555,2777.77777777778
13,8,2,Control,2014,FI,4259.25925925926,2224.35078756918
13,2,1,N,2014,FI,4175.92592592593,1830.56619838229
13,6,2,N,2014,FI,6194.44444444444,3277.99063431247
13,4,1,Nf20,2014,FI,4444.44444444444,2352.06470838655
13,5,2,Nf20,2014,FI,5583.33333333333,3171.56236696467
13,1,1,S,2014,FI,4231.48148148148,2224.35078756918
13,7,2,S,2014,FI,4712.96296296296,2660.70668369519
14,3,1,Control,2014,FI,NA,4841.66666666667
14,7,2,Control,2014,FI,NA,5300
14,12,3,Control,2014,FI,NA,5072.1
14,2,1,N,2014,FI,NA,6491.7
14,5,2,N,2014,FI,NA,6483.3
14,10,3,N,2014,FI,NA,5948.5
14,4,1,Nf20,2014,FI,NA,5883.3
14,6,2,Nf20,2014,FI,NA,5392.3
14,9,3,Nf20,2014,FI,NA,5374.2
14,1,1,S,2014,FI,NA,5600
14,8,2,S,2014,FI,NA,5958.3
14,11,3,S,2014,FI,NA,5348.3
15,1,1,Control,2014,FI,NA,4592.30769230769
15,5,2,Control,2014,FI,NA,4623.07692307692
15,11,3,Control,2014,FI,NA,4553.84615384615
15,2,1,N,2014,FI,NA,5884.61538461539
15,8,2,N,2014,FI,NA,6346.15384615385
15,9,3,N,2014,FI,NA,5946.15384615385
15,4,1,Nf20,2014,FI,NA,4746.15384615385
15,6,2,Nf20,2014,FI,NA,4992.30769230769
15,12,3,Nf20,2014,FI,NA,4669.23076923077
15,3,1,S,2014,FI,NA,4784.61538461538
15,7,2,S,2014,FI,NA,5153.84615384615
15,10,3,S,2014,FI,NA,4692.30769230769
16,3,1,Control,2015,FI,3833.33333333333,2271.16858237548
16,8,2,Control,2015,FI,4191.66666666667,2372.030651341
16,2,1,N,2015,FI,11308.3333333333,6291.1877394636
16,6,2,N,2015,FI,9550,5410.24904214559
16,4,1,Nf20,2015,FI,6041.66666666667,3677.49042145594
16,5,2,Nf20,2015,FI,5250,3117.91187739464
16,1,1,S,2015,FI,4233.33333333333,2444.15708812261
16,7,2,S,2015,FI,5058.33333333333,2868.3908045977
17,3,1,Control,2015,FI,2745.61403508772,1480.43960475902
17,8,2,Control,2015,FI,3570.17543859649,2077.13248638838
17,2,1,N,2015,FI,5245.61403508772,2651.1393426094
17,6,2,N,2015,FI,7684.21052631579,4234.22060899375
17,4,1,Nf20,2015,FI,2614.0350877193,1428.41298648921
17,5,2,Nf20,2015,FI,3043.85964912281,1751.56281508369
17,1,1,S,2015,FI,2719.29824561403,1448.88082274652
17,7,2,S,2015,FI,3780.70175438596,2021.07279693487
18,3,1,Control,2015,FI,8473.68421052632,4732.45614035088
18,8,2,Control,2015,FI,9013.15789473684,5071.83908045977
18,2,1,N,2015,FI,10118.4210526316,5402.60133091349
18,6,2,N,2015,FI,12013.1578947368,6502.87356321839
18,4,1,Nf20,2015,FI,11052.6315789474,5411.97822141561
18,5,2,Nf20,2015,FI,9973.68421052632,5782.06291591047
18,1,1,S,2015,FI,7526.31578947368,4244.40411373261
18,7,2,S,2015,FI,7644.73684210526,4244.85783424078
19,3,1,Control,2015,FI,5736.84210526316,3613.27888687235
19,8,2,Control,2015,FI,6710.52631578947,3814.42831215971
19,2,1,N,2015,FI,8973.68421052632,5223.38173018754
19,6,2,N,2015,FI,10644.7368421053,6007.71324863884
19,4,1,Nf20,2015,FI,7486.84210526316,4211.13127646703
19,5,2,Nf20,2015,FI,9776.31578947369,5609.04416212946
19,1,1,S,2015,FI,7421.05263157895,4223.07924984876
19,7,2,S,2015,FI,8065.78947368421,4571.53660012099
20,3,1,Control,2015,FI,10034.0909090909,5896.29049111808
20,8,2,Control,2015,FI,13238.6363636364,7873.56321839081
20,2,1,N,2015,FI,12079.5454545455,6413.79310344828
20,6,2,N,2015,FI,13556.8181818182,6997.77951933124
20,4,1,Nf20,2015,FI,12454.5454545455,7322.10031347962
20,5,2,Nf20,2015,FI,12011.3636363636,7189.91640543365
20,1,1,S,2015,FI,11500,6839.86415882968
20,7,2,S,2015,FI,11261.3636363636,6933.51619644723
21,3,1,Control,2015,FI,14514.2857142857,8425.94417077176
21,8,2,Control,2015,FI,14414.2857142857,8291.13300492611
21,2,1,N,2015,FI,15571.4285714286,8287.52052545156
21,6,2,N,2015,FI,15814.2857142857,8211.49425287356
21,4,1,Nf20,2015,FI,16685.7142857143,9481.44499178982
21,5,2,Nf20,2015,FI,14785.7142857143,8625.94417077176
21,1,1,S,2015,FI,14357.1428571429,8176.68308702792
21,7,2,S,2015,FI,16857.1428571429,10045.9770114943
22,3,1,Control,2015,FI,13042.8571428571,7973.07060755337
22,8,2,Control,2015,FI,11471.4285714286,6903.61247947455
22,2,1,N,2015,FI,15542.8571428571,8936.28899835796
22,6,2,N,2015,FI,13071.4285714286,8176.19047619048
22,4,1,Nf20,2015,FI,11600,6829.22824302135
22,5,2,Nf20,2015,FI,13357.1428571429,7855.00821018063
22,1,1,S,2015,FI,14971.4285714286,5333.33333333333
22,7,2,S,2015,FI,11257.1428571429,6689.98357963875
23,3,1,Control,2015,FI,7985.07462686567,4261.23691885401
23,8,2,Control,2015,FI,9057.83582089552,4939.74095042031
23,2,1,N,2015,FI,9804.10447761194,5035.27620518099
23,6,2,N,2015,FI,9962.68656716418,5091.99691199177
23,4,1,Nf20,2015,FI,7985.07462686567,4404.05729970836
23,5,2,Nf20,2015,FI,8199.62686567164,4417.67455824327
23,1,1,S,2015,FI,6753.73134328358,5835.69222851261
23,7,2,S,2015,FI,7444.02985074627,4108.33762223366
24,3,1,Control,2015,FI,11464.2857142857,6506.02079912425
24,8,2,Control,2015,FI,13226.1904761905,7523.94636015326
24,2,1,N,2015,FI,15630.9523809524,8111.65845648604
24,6,2,N,2015,FI,15142.8571428571,7848.38533114395
24,4,1,Nf20,2015,FI,13369.0476190476,7725.09578544061
24,5,2,Nf20,2015,FI,13261.9047619048,7172.00328407225
24,1,1,S,2015,FI,12690.4761904762,6879.03667214012
24,7,2,S,2015,FI,12797.619047619,7392.58347016968
25,3,1,Control,2015,FI,11119.0476190476,5866.0372194855
25,8,2,Control,2015,FI,13571.4285714286,6719.6223316913
25,2,1,N,2015,FI,13333.3333333333,6381.63656267105
25,6,2,N,2015,FI,14464.2857142857,6239.6004378763
25,4,1,Nf20,2015,FI,13833.3333333333,6828.95457033388
25,5,2,Nf20,2015,FI,14797.619047619,7276.81992337165
25,1,1,S,2015,FI,12214.2857142857,6043.10344827586
25,7,2,S,2015,FI,12797.619047619,6254.65243568692
26,3,1,Control,2015,FI,12457.1428571429,6896.55172413793
26,8,2,Control,2015,FI,11228.5714285714,6947.78325123153
26,2,1,N,2015,FI,13885.7142857143,8187.84893267652
26,6,2,N,2015,FI,11928.5714285714,7408.70279146141
26,4,1,Nf20,2015,FI,13257.1428571429,8229.06403940887
26,5,2,Nf20,2015,FI,11571.4285714286,7191.95402298851
26,1,1,S,2015,FI,10585.7142857143,6358.62068965517
26,7,2,S,2015,FI,10785.7142857143,6465.18883415435
27,3,1,Control,2015,FI,11485.7142857143,7222.16748768473
27,8,2,Control,2015,FI,13700,8510.67323481117
27,2,1,N,2015,FI,14028.5714285714,8532.67651888342
27,6,2,N,2015,FI,12700,7664.86042692939
27,4,1,Nf20,2015,FI,15757.1428571429,9963.87520525452
27,5,2,Nf20,2015,FI,11285.7142857143,7227.58620689655
27,1,1,S,2015,FI,11157.1428571429,7326.92939244663
27,7,2,S,2015,FI,11171.4285714286,7095.73070607553
28,3,1,Control,2015,FI,12400,7200.8210180624
28,8,2,Control,2015,FI,11242.8571428571,6540.39408866995
28,2,1,N,2015,FI,12628.5714285714,7157.47126436782
28,6,2,N,2015,FI,15900,9083.90804597701
28,4,1,Nf20,2015,FI,8171.42857142857,4932.51231527094
28,5,2,Nf20,2015,FI,12085.7142857143,7063.71100164204
28,1,1,S,2015,FI,10857.1428571429,6423.15270935961
28,7,2,S,2015,FI,13014.2857142857,7428.73563218391
29,NA,1,Control,2015,FI,NA,4192.85714285714
29,NA,2,Control,2015,FI,NA,4371.42857142857
29,NA,3,Control,2015,FI,NA,3792.85714285714
29,NA,1,N,2015,FI,NA,4828.57142857143
29,NA,2,N,2015,FI,NA,5035.71428571429
29,NA,3,N,2015,FI,NA,5078.57142857143
29,NA,1,Nf20,2015,FI,NA,4821.42857142857
29,NA,2,Nf20,2015,FI,NA,3914.28571428571
29,NA,3,Nf20,2015,FI,NA,5214.28571428571
29,NA,1,S,2015,FI,NA,3935.71428571429
29,NA,2,S,2015,FI,NA,4071.42857142857
29,NA,3,S,2015,FI,NA,3414.28571428571
30,NA,1,Control,2015,FI,NA,4514.28571428571
30,NA,2,Control,2015,FI,NA,5260.71428571429
30,NA,3,Control,2015,FI,NA,4045
30,NA,1,N,2015,FI,NA,4728.57142857143
30,NA,2,N,2015,FI,NA,4853.57142857143
30,NA,3,N,2015,FI,NA,5167.85714285714
30,NA,1,Nf20,2015,FI,NA,4235.71428571429
30,NA,2,Nf20,2015,FI,NA,5196.42857142857
30,NA,3,Nf20,2015,FI,NA,5678.57142857143
30,NA,1,S,2015,FI,NA,4867.85714285714
30,NA,2,S,2015,FI,NA,4617.85714285714
30,NA,3,S,2015,FI,NA,5139.28571428571
31,NA,1,Control,2015,FI,NA,3764.28571428571
31,NA,2,Control,2015,FI,NA,4314.28571428572
31,NA,3,Control,2015,FI,NA,4814.28571428572
31,NA,1,N,2015,FI,NA,4614.28571428572
31,NA,2,N,2015,FI,NA,5500
31,NA,3,N,2015,FI,NA,5371.42857142857
31,NA,1,Nf20,2015,FI,NA,3542.85714285714
31,NA,2,Nf20,2015,FI,NA,5085.71428571429
31,NA,3,Nf20,2015,FI,NA,5114
31,NA,1,S,2015,FI,NA,4728.57142857143
31,NA,2,S,2015,FI,NA,4928.57142857143
31,NA,3,S,2015,FI,NA,5174
32,1,1,S,2016,FC,9880.95238095238,5975.64313081554
32,2,1,Control,2016,FC,9011.90476190476,5216.20142309798
32,3,1,NS,2016,FC,13547.619047619,8047.34537493158
32,4,1,Nf20,2016,FC,9535.71428571429,5570.60755336617
32,5,1,N,2016,FC,13166.6666666667,7828.40722495895
32,6,2,N,2016,FC,14392.8571428571,8184.18171866448
32,7,2,S,2016,FC,10273.8095238095,6405.30925013684
32,8,2,Nf20,2016,FC,12285.7142857143,7185.27640941434
32,9,2,NS,2016,FC,13511.9047619048,7472.63273125342
32,10,2,Control,2016,FC,12845.2380952381,7636.8363437329
33,1,1,S,2016,FC,6964.28571428571,4142.03612479475
33,2,1,N,2016,FC,9952.38095238095,5392.72030651341
33,3,1,Nf40,2016,FC,8690.47619047619,5132.73125342091
33,4,1,NS,2016,FC,12059.5238095238,7050.49261083744
33,5,1,Control,2016,FC,6857.14285714286,4147.50957854406
33,6,1,Nf20,2016,FC,9202.38095238095,5461.13847837986
33,7,2,Nf20,2016,FC,9369.04761904762,5682.12917350848
33,8,2,S,2016,FC,8380.95238095238,4954.84400656815
33,9,2,NS,2016,FC,12071.4285714286,7075.80733442803
33,10,2,Nf40,2016,FC,9833.33333333333,6049.53475643131
33,11,2,N,2016,FC,12904.7619047619,9771.48330596606
33,12,2,Control,2016,FC,9464.28571428571,5639.02572523262
33,13,3,Nf40,2016,FC,12130.9523809524,6462.09633278599
33,14,3,Nf20,2016,FC,5583.33333333333,3369.59496442255
33,15,3,Control,2016,FC,11261.9047619048,6694.71811713191
33,16,3,NS,2016,FC,11309.5238095238,6448.4126984127
33,17,3,N,2016,FC,12166.6666666667,7089.49096880131
33,18,3,S,2016,FC,11107.1428571429,6720.0328407225
33,19,4,Control,2016,FC,11130.9523809524,5789.54570333881
33,20,4,Nf40,2016,FC,12583.3333333333,7349.48002189382
33,21,4,NS,2016,FC,13107.1428571429,7816.77613574165
33,22,4,S,2016,FC,12273.8095238095,7541.05090311987
33,23,4,Nf20,2016,FC,10166.6666666667,5926.3820470717
33,24,4,N,2016,FC,11214.2857142857,9716.74876847291
34,1,1,S,2016,FC,12636.9047619048,7568.41817186645
34,2,1,Control,2016,FC,15595.2380952381,9402.02517788725
34,3,1,NS,2016,FC,15285.7142857143,8663.10892172961
34,4,1,Nf20,2016,FC,11327.380952381,6583.1964969896
34,5,1,N,2016,FC,12970.2380952381,7650.51997810619
34,6,2,N,2016,FC,NA,NA
34,7,2,S,2016,FC,15922.619047619,9456.75971538041
34,8,2,Nf20,2016,FC,14761.9047619048,8909.41434044882
34,9,2,NS,2016,FC,15678.5714285714,9237.82156540777
34,10,2,Control,2016,FC,13410.7142857143,8104.13245758073
35,1,1,S,2016,FC,14315.4761904762,8799.94526546251
35,2,1,N,2016,FC,15005.9523809524,9073.6179529283
35,3,1,Nf40,2016,FC,13369.0476190476,8459.90695128626
35,4,1,NS,2016,FC,14964.2857142857,9114.66885604817
35,5,1,Control,2016,FC,11130.9523809524,6747.40010946907
35,6,1,Nf20,2016,FC,12434.5238095238,7705.25451559934
35,7,2,Nf20,2016,FC,14845.2380952381,9018.88341543514
35,8,2,S,2016,FC,12690.4761904762,7937.87629994527
35,9,2,NS,2016,FC,15464.2857142857,9785.16694033936
35,10,2,Nf40,2016,FC,11714.2857142857,7417.89819376026
35,11,2,N,2016,FC,14589.2857142857,9157.77230432403
35,12,2,Control,2016,FC,12190.4761904762,7568.41817186645
35,13,3,Nf40,2016,FC,14113.0952380952,8635.74165298303
35,14,3,Nf20,2016,FC,12511.9047619048,7787.35632183908
35,15,3,Control,2016,FC,11648.8095238095,7267.37821565408
35,16,3,NS,2016,FC,13404.7619047619,8430.48713738369
35,17,3,N,2016,FC,13809.5238095238,7868.08976464149
35,18,3,S,2016,FC,11910.7142857143,7363.16365626711
35,19,4,Control,2016,FC,15095.2380952381,9306.23973727422
35,20,4,Nf40,2016,FC,13672.619047619,8581.00711548988
35,21,4,NS,2016,FC,15208.3333333333,9937.73946360153
35,22,4,S,2016,FC,12130.9523809524,7335.79638752053
35,23,4,Nf20,2016,FC,14720.2380952381,8991.51614668856
35,24,4,N,2016,FC,13267.8571428571,8936.7816091954
36,1,1,S,2016,FC,9528.57142857143,5912.97208538588
36,2,1,N,2016,FC,9642.85714285714,5551.72413793104
36,3,1,Nf40,2016,FC,10285.7142857143,6241.37931034483
36,4,1,NS,2016,FC,13185.7142857143,6651.88834154351
36,5,1,Control,2016,FC,9700,5715.92775041051
36,6,1,Nf20,2016,FC,10414.2857142857,6356.32183908046
36,7,2,Nf20,2016,FC,10171.4285714286,6060.75533661741
36,8,2,S,2016,FC,8828.57142857143,5699.50738916256
36,9,2,NS,2016,FC,11071.4285714286,6422.00328407225
36,10,2,Nf40,2016,FC,10928.5714285714,6553.36617405583
36,11,2,N,2016,FC,8685.71428571429,4831.69129720854
36,12,2,Control,2016,FC,9600,5860.42692939245
36,13,3,Nf40,2016,FC,10657.1428571429,6027.91461412151
36,14,3,Nf20,2016,FC,11057.1428571429,6914.61412151067
36,15,3,Control,2016,FC,9400,5518.88341543514
36,16,3,NS,2016,FC,11914.2857142857,7013.13628899836
36,17,3,N,2016,FC,8428.57142857143,4681.44499178982
36,18,3,S,2016,FC,9914.28571428571,6044.33497536946
36,19,4,Control,2016,FC,9685.71428571429,6159.27750410509
36,20,4,Nf40,2016,FC,8800,5518.88341543514
36,21,4,NS,2016,FC,10457.1428571429,6093.5960591133
36,22,4,S,2016,FC,9057.14285714286,5600.98522167488
36,23,4,Nf20,2016,FC,9114.28571428571,5321.83908045977
36,24,4,N,2016,FC,8585.71428571429,4681.44499178982
37,1,1,S,2016,FC,14714.2857142857,8622.33169129721
37,2,1,Control,2016,FC,13514.2857142857,7638.75205254516
37,3,1,NS,2016,FC,14314.2857142857,7735.63218390805
37,4,1,Nf20,2016,FC,14300,8456.48604269294
37,5,1,N,2016,FC,12421.4285714286,6996.71592775041
37,6,2,N,2016,FC,NA,NA
37,7,2,S,2016,FC,15557.1428571429,8706.89655172414
37,8,2,Nf20,2016,FC,14278.5714285714,8261.08374384237
37,9,2,NS,2016,FC,14278.5714285714,7866.99507389163
37,10,2,Control,2016,FC,14050,8293.92446633826
38,1,1,Control,2016,FC,15700,5082
38,8,2,Control,2016,FC,15750,3500.4375
38,12,3,Control,2016,FC,NA,4222.3125
38,20,4,Control,2016,FC,NA,2999.5625
38,2,1,N,2016,FC,21700,5357.625
38,10,2,N,2016,FC,17000,5323.375
38,11,3,N,2016,FC,NA,5744.9375
38,19,4,N,2016,FC,NA,4931.0625
38,4,1,Nf20,2016,FC,19050,4726.0625
38,7,2,Nf20,2016,FC,17950,5289.375
38,15,3,Nf20,2016,FC,NA,4762.125
38,16,4,Nf20,2016,FC,NA,4163.125
38,5,1,NS,2016,FC,12550,5952.3125
38,9,2,NS,2016,FC,8100,5163.25
38,13,3,NS,2016,FC,NA,5079.375
38,17,4,NS,2016,FC,NA,6495.5625
38,3,1,S,2016,FC,17400,5675.375
38,6,2,S,2016,FC,9900,4816.875
38,14,3,S,2016,FC,NA,5316.9375
38,18,4,S,2016,FC,NA,4290.4375
39,1,1,Control,2016,FC,17714.2857142857,3071.25
39,6,2,Control,2016,FC,11619.0476190476,2536
39,11,3,Control,2016,FC,NA,3315
39,2,1,N,2016,FC,22809.5238095238,3100.125
39,7,2,N,2016,FC,14142.8571428571,5076.75
39,12,3,N,2016,FC,NA,4512
39,4,1,Nf20,2016,FC,14142.8571428571,4604.375
39,9,2,Nf20,2016,FC,17761.9047619048,3536
39,14,3,Nf20,2016,FC,NA,3762
39,5,1,NS,2016,FC,16857.1428571429,4058.25
39,10,2,NS,2016,FC,13523.8095238095,4299.75
39,15,3,NS,2016,FC,NA,4718
39,3,1,S,2016,FC,14523.8095238095,3717
39,8,2,S,2016,FC,11714.2857142857,4517.625
39,13,3,S,2016,FC,NA,3833
40,1,1,S,2017,FC,14541.1317165953,8504.54468438629
40,2,1,N,2017,FC,14517.3561578697,8097.35408092435
40,3,1,NS,2017,FC,14314.0751307656,7727.05658582977
40,4,1,Control,2017,FC,14833.5710889206,8512.74315291237
40,5,2,N,2017,FC,17300.2853067047,9589.47535267079
40,6,2,NS,2017,FC,13616.2624821683,7332.16368515695
40,7,2,Control,2017,FC,13118.1645268664,7631.40778635884
40,8,2,S,2017,FC,15469.5672848312,9097.56724110603
40,9,3,Control,2017,FC,15899.9048977651,9267.00225731166
40,10,3,S,2017,FC,11843.7945791726,6899.01126469576
40,11,3,N,2017,FC,14280.7893485497,7946.63890118659
40,12,3,NS,2017,FC,17444.1274369948,9451.46779914845
41,1,1,S,2017,FC,12443.9024390244,6512.47546958228
41,2,1,N,2017,FC,14364.6341463415,6930.19343986543
41,3,1,NS,2017,FC,14900,7328.28707597421
41,4,1,Control,2017,FC,14179.2682926829,6890.94477151668
41,5,2,N,2017,FC,15101.2195121951,7017.10120549482
41,6,2,NS,2017,FC,13548.7804878049,6576.95542472666
41,7,2,Control,2017,FC,12500,6569.9467339501
41,8,2,S,2017,FC,14265.8536585366,7525.93215587329
41,9,3,Control,2017,FC,11432.9268292683,6219.51219512195
41,10,3,S,2017,FC,10393.9024390244,5316.79282310064
41,11,3,N,2017,FC,14207.3170731707,7111.43818334735
41,12,3,NS,2017,FC,15101.2195121951,7033.92206335857
42,1,1,S,2017,FC,10398.5148514852,5555.08137020599
42,2,1,N,2017,FC,12530.9405940594,6124.10378968932
42,3,1,NS,2017,FC,13663.3663366337,6535.22248776602
42,4,1,Control,2017,FC,11949.2574257426,6314.72630021623
42,5,2,N,2017,FC,11120.0495049505,5121.20177534995
42,6,2,NS,2017,FC,14529.702970297,7134.11858427222
42,7,2,Control,2017,FC,10257.4257425743,5333.16262660749
42,8,2,S,2017,FC,12768.5643564356,6832.53670194606
42,9,3,Control,2017,FC,12290.8415841584,6728.69011039035
42,10,3,S,2017,FC,10892.3267326733,5663.19562990782
42,11,3,N,2017,FC,10525.9900990099,5216.51303061341
42,12,3,NS,2017,FC,13756.1881188119,6088.53988847161
43,1,1,S,2017,FC,6507.93650793651,3499.36143039591
43,2,1,N,2017,FC,7984.12698412698,3778.50757161102
43,3,1,NS,2017,FC,10230.1587301587,5428.66265280058
43,4,1,Control,2017,FC,8388.88888888889,4703.7037037037
43,5,2,N,2017,FC,7103.1746031746,3542.23681809889
43,6,2,NS,2017,FC,9111.11111111111,4664.5685093961
43,7,2,Control,2017,FC,8611.11111111111,4896.91662105455
43,8,2,S,2017,FC,7007.93650793651,3809.15891260719
43,9,3,Control,2017,FC,7182.53968253968,4083.1964969896
43,10,3,S,2017,FC,7015.87301587302,3850.57471264368
43,11,3,N,2017,FC,8595.2380952381,4075.89855865718
43,12,3,NS,2017,FC,10388.8888888889,5449.73544973545
43,13,1,Productor,2017,FC,6539.68253968254,3613.39171683999
43,14,2,Productor,2017,FC,5626.98412698413,2996.07735814632
43,15,3,Productor,2017,FC,4809.52380952381,2716.20142309797
44,1,1,S,2017,FC,8476.19047619047,4588.12260536399
44,2,1,N,2017,FC,13119.0476190476,6576.35467980295
44,3,1,NS,2017,FC,13404.7619047619,7289.27203065134
44,4,1,Control,2017,FC,12333.3333333333,6770.66228790367
44,5,2,N,2017,FC,12119.0476190476,6420.22441160372
44,6,2,NS,2017,FC,13273.8095238095,7173.64532019704
44,7,2,Control,2017,FC,10154.7619047619,5707.44389709907
44,8,2,S,2017,FC,10750,5933.22386425835
44,9,3,Control,2017,FC,10511.9047619048,5982.48494800219
44,10,3,S,2017,FC,10750,6275.31472359059
44,11,3,N,2017,FC,10809.5238095238,5571.9759168035
44,12,3,NS,2017,FC,12666.6666666667,6885.6048166393
45,1,1,S,2017,FC,14787.7492877493,8704.19491109146
45,2,1,N,2017,FC,15292.0227920228,8400.46500966041
45,3,1,NS,2017,FC,8685.18518518519,4733.60186003864
45,4,1,Control,2017,FC,13004.2735042735,7267.57703769198
45,5,2,N,2017,FC,16262.1082621083,9032.81265350231
45,6,2,NS,2017,FC,16103.9886039886,8768.05187150015
45,7,2,Control,2017,FC,13450.1424501424,7635.00016373579
45,8,2,S,2017,FC,13692.3076923077,7783.99973802273
45,9,3,Control,2017,FC,11039.886039886,6397.81248976651
45,10,3,S,2017,FC,12868.9458689459,7065.19959393522
45,11,3,N,2017,FC,13726.4957264957,7333.72629924354
45,12,3,NS,2017,FC,17974.358974359,10364.8033533091
45,13,1,Productor,2017,FC,12817.6638176638,7282.96820250843
45,14,2,Productor,2017,FC,13430.1994301994,7664.47260700134
45,15,3,Productor,2017,FC,15831.9088319088,9377.14903232144
46,1,1,S,2017,FC,10556.511761331,5965.24027143055
46,2,1,N,2017,FC,11703.9586919105,6225.72391371727
46,3,1,NS,2017,FC,14242.6850258176,7709.65635942786
46,4,1,Control,2017,FC,10212.2776821572,5636.00873114791
46,5,2,N,2017,FC,12722.3178427998,6731.6886593995
46,6,2,NS,2017,FC,12535.8577165806,7073.44979260226
46,7,2,Control,2017,FC,10154.9053356282,5518.95595518362
46,8,2,S,2017,FC,9982.78829604131,5700.14046333116
46,9,3,Control,2017,FC,11359.7246127367,6537.15024300816
46,10,3,S,2017,FC,11244.9799196787,6362.06566825595
46,11,3,N,2017,FC,15060.2409638554,8253.04502080572
46,12,3,NS,2017,FC,17010.9007458405,9834.08181164725
47,1,1,S,2017,FC,13459.3356242841,7597.66165027452
47,2,1,N,2017,FC,13616.8384879725,7244.80257007808
47,3,1,NS,2017,FC,13989.1179839633,7366.59161828021
47,4,1,Control,2017,FC,10681.5578465063,5794.85457729325
47,5,2,N,2017,FC,11483.3906071019,5936.39320087951
47,6,2,NS,2017,FC,14547.5372279496,7764.71014206528
47,7,2,Control,2017,FC,10681.5578465063,6073.98190938895
47,8,2,S,2017,FC,9894.04352806415,5603.94201524667
47,9,3,Control,2017,FC,12714.7766323024,7083.51437110769
47,10,3,S,2017,FC,14089.3470790378,7924.51712288186
47,11,3,N,2017,FC,12156.3573883162,6527.23466445471
47,12,3,NS,2017,FC,12514.3184421535,6309.98933522929
48,1,1,S,2017,FC,9710.8527131783,5552.34785707921
48,2,1,N,2017,FC,7533.33333333333,3157.800944489
48,3,1,NS,2017,FC,10820.9302325581,5275.77296623007
48,4,1,Control,2017,FC,6912.4031007752,3960.61659092934
48,5,2,N,2017,FC,6870.54263565892,3075.82642787134
48,6,2,NS,2017,FC,11454.2635658915,6006.14808874633
48,7,2,Control,2017,FC,7887.59689922481,4407.02129555377
48,8,2,S,2017,FC,7699.22480620155,4460.48293682616
48,9,3,Control,2017,FC,7578.29457364341,4488.1047848169
48,10,3,S,2017,FC,6427.90697674419,3716.47509578544
48,11,3,N,2017,FC,6525.58139534884,2924.35177759957
48,12,3,NS,2017,FC,9519.37984496124,4799.07333155128
48,13,1,Productor,2017,FC,6646.51162790698,3910.71905907511
48,14,2,Productor,2017,FC,6782.17054263566,3852.2676646173
48,15,3,Productor,2017,FC,6385.27131782946,3709.34687694912
49,Fe_B1T1,1,Control,2017,FC,NA,6150
49,Fe_B1T2,1,N,2017,FC,NA,6630
49,Fe_B1T3,1,S,2017,FC,NA,6245
49,Fe_B1T4,1,NS,2017,FC,NA,6125
49,Fe_B2T1,2,Control,2017,FC,NA,6102
49,Fe_B2T2,2,N,2017,FC,NA,6385
49,Fe_B2T3,2,S,2017,FC,NA,6110
49,Fe_B2T4,2,NS,2017,FC,NA,6540
49,Fe_B3T1,3,Control,2017,FC,NA,6235
49,Fe_B3T2,3,N,2017,FC,NA,6580
49,Fe_B3T3,3,S,2017,FC,NA,7015
49,Fe_B3T4,3,NS,2017,FC,NA,7250
50,1,1,S,2018,FC,9894.3661971831,5794.34461173169
50,2,1,N,2018,FC,12828.6384976526,7487.4534563704
50,3,1,NS,2018,FC,12453.0516431925,7320.16620797582
50,4,1,Control,2018,FC,10962.441314554,6479.68269386433
50,5,2,N,2018,FC,13767.6056338028,8071.60973503858
50,6,2,NS,2018,FC,13333.3333333333,7487.4534563704
50,7,2,Control,2018,FC,12922.5352112676,7962.33338729696
50,8,2,S,2018,FC,13485.9154929577,8252.38789056176
50,9,3,Control,2018,FC,11748.8262910798,6986.94080189951
50,10,3,S,2018,FC,12676.0563380282,7718.14796826938
50,11,3,N,2018,FC,12899.0610328638,7779.53159570449
50,12,3,NS,2018,FC,12652.5821596244,7441.58437213318
51,1,1,S,2018,FC,10707.5471698113,5442.14920841466
51,2,1,N,2018,FC,13172.1698113208,6395.03361526784
51,3,1,NS,2018,FC,12841.9811320755,6456.02906094123
51,4,1,Control,2018,FC,10341.9811320755,5279.49468661895
51,5,2,N,2018,FC,13125,6133.43092604641
51,6,2,NS,2018,FC,12806.6037735849,6396.38906961613
51,7,2,Control,2018,FC,11049.5283018868,6049.39275645196
51,8,2,S,2018,FC,10636.7924528302,5579.05009759271
51,9,3,Control,2018,FC,10094.3396226415,5164.28106701366
51,10,3,S,2018,FC,9516.50943396227,5214.43287790067
51,11,3,N,2018,FC,14469.3396226415,7106.64714812405
51,12,3,NS,2018,FC,13266.5094339623,6152.40728692257
52,1,1,S,2018,FC,10671.4285714286,6661.74055829228
52,2,1,N,2018,FC,8342.85714285714,4648.60426929392
52,3,1,NS,2018,FC,12971.4285714286,8200.32840722495
52,4,1,Control,2018,FC,9600,6124.7947454844
52,5,2,N,2018,FC,11100,5908.04597701149
52,6,2,NS,2018,FC,12871.4285714286,7783.25123152709
52,7,2,Control,2018,FC,9385.71428571429,5688.01313628899
52,8,2,S,2018,FC,10257.1428571429,6492.61083743842
52,9,3,Control,2018,FC,7342.85714285714,4220.03284072249
52,10,3,S,2018,FC,7400,4689.65517241379
52,11,3,N,2018,FC,7400,4344.82758620689
52,12,3,NS,2018,FC,10557.1428571429,6343.1855500821
52,13,1,Productor,2018,FC,7071.42857142857,4395.73070607553
53,1,1,S,2018,FC,6568.3962264151,3890.15397961396
53,2,1,N,2018,FC,13856.1320754717,8230.31880286272
53,3,1,NS,2018,FC,13537.7358490566,8040.55519410106
53,4,1,Control,2018,FC,7370.28301886793,4287.30210366515
53,5,2,N,2018,FC,11709.9056603774,6884.35263500325
53,6,2,NS,2018,FC,12900.9433962264,7487.52981999566
53,7,2,Control,2018,FC,7641.50943396226,4586.85751463891
53,8,2,S,2018,FC,7004.71698113208,4326.61027976578
53,9,3,Control,2018,FC,7629.71698113208,4388.96117978746
53,10,3,S,2018,FC,8514.15094339623,5194.10106267621
53,11,3,N,2018,FC,13679.2452830189,8069.01973541531
53,12,3,NS,2018,FC,11886.7924528302,7048.36261114725
54,1,1,S,2018,FC,8790.6976744186,5295.37556802995
54,2,1,N,2018,FC,9000,4417.26811013099
54,3,1,NS,2018,FC,9802.32558139535,5457.09703287892
54,4,1,Control,2018,FC,8360.46511627907,5220.5292702486
54,5,2,N,2018,FC,8720.93023255814,4640.4704624432
54,6,2,NS,2018,FC,9546.51162790698,5450.41432771987
54,7,2,Control,2018,FC,7767.44186046512,4752.73990911522
54,8,2,S,2018,FC,7337.20930232558,4517.50868751671
54,9,3,Control,2018,FC,8790.6976744186,5507.88559208768
54,10,3,S,2018,FC,10081.3953488372,6021.1173483026
54,11,3,N,2018,FC,7872.09302325581,4299.65249933173
54,12,3,NS,2018,FC,8883.72093023256,5049.45201817696
55,1,1,S,2018,FC,2809.52380952381,1678.16091954023
55,2,1,N,2018,FC,8785.71428571429,4748.7684729064
55,3,1,NS,2018,FC,9900,5371.10016420361
55,4,1,Control,2018,FC,3790.47619047619,2199.23371647509
55,5,2,N,2018,FC,9328.57142857143,5037.76683087028
55,6,2,NS,2018,FC,9128.57142857143,4847.29064039408
55,7,2,Control,2018,FC,4057.14285714286,2548.44006568144
55,8,2,S,2018,FC,2838.09523809524,1621.23700054734
55,9,3,Control,2018,FC,2504.76190476191,1402.29885057471
55,10,3,S,2018,FC,2342.85714285714,1259.9890530925
55,11,3,N,2018,FC,9028.57142857143,4945.81280788177
55,12,3,NS,2018,FC,10928.5714285714,6211.82266009852
55,13,1,Productor,2018,FC,6228.57142857143,3623.973727422
55,14,2,Productor,2018,FC,6785.71428571429,4108.37438423645
56,1,1,S,2018,FC,6181.592039801,3255.27534740092
56,2,1,N,2018,FC,12574.6268656716,5874.36381311831
56,3,1,NS,2018,FC,13420.3980099502,6566.30639903928
56,4,1,Control,2018,FC,9340.7960199005,5038.02824955681
56,5,2,N,2018,FC,12189.0547263682,6114.54223137187
56,6,2,NS,2018,FC,11131.8407960199,5431.17744610282
56,7,2,Control,2018,FC,7835.82089552239,4114.48504603419
56,8,2,S,2018,FC,9502.48756218906,5028.02081546291
56,9,3,Control,2018,FC,7388.05970149254,3910.04746383027
56,10,3,S,2018,FC,10485.0746268657,5333.9623720478
56,11,3,N,2018,FC,11865.671641791,6097.38663006805
56,12,3,NS,2018,FC,12587.0646766169,6729.28461142563
57,1,1,S,2018,FC,11628.5714285714,6844.0065681445
57,2,1,N,2018,FC,13628.5714285714,7866.99507389162
57,3,1,NS,2018,FC,14328.5714285714,8387.52052545155
57,4,1,Control,2018,FC,11828.5714285714,6814.44991789819
57,5,2,N,2018,FC,14828.5714285714,8446.63382594416
57,6,2,NS,2018,FC,14200,8558.29228243021
57,7,2,Control,2018,FC,11985.7142857143,7180.62397372742
57,8,2,S,2018,FC,13157.1428571429,7881.77339901477
57,9,3,Control,2018,FC,11185.7142857143,6770.11494252873
57,10,3,S,2018,FC,11528.5714285714,6909.68801313628
57,11,3,N,2018,FC,14300,8630.54187192118
57,12,3,NS,2018,FC,13542.8571428571,8226.60098522167
58,1,1,S,2018,FC,10628.5714285714,5786.53530377668
58,2,1,N,2018,FC,12957.1428571429,6502.46305418719
58,3,1,NS,2018,FC,12114.2857142857,6532.01970443349
58,4,1,Control,2018,FC,10871.4285714286,5980.29556650246
58,5,2,N,2018,FC,13385.7142857143,6876.84729064039
58,6,2,NS,2018,FC,11842.8571428571,6454.84400656814
58,7,2,Control,2018,FC,10214.2857142857,6224.95894909688
58,8,2,S,2018,FC,11642.8571428571,6665.02463054187
58,9,3,Control,2018,FC,9714.28571428572,5512.31527093596
58,10,3,S,2018,FC,13371.4285714286,7840.7224958949
58,11,3,N,2018,FC,11942.8571428571,6683.08702791461
58,12,3,NS,2018,FC,13257.1428571429,6839.08045977011
59,4,1,Control,2018,FC,NA,4272.72727272728
59,2,1,N,2018,FC,NA,5590.90909090909
59,3,1,NS,2018,FC,NA,6463.63636363637
59,1,1,S,2018,FC,NA,4390.90909090909
59,8,2,Control,2018,FC,NA,3963.63636363637
59,6,2,N,2018,FC,NA,6045.45454545454
59,7,2,NS,2018,FC,NA,5818.18181818182
59,5,2,S,2018,FC,NA,4272.72727272728
59,12,3,Control,2018,FC,NA,3554.54545454546
59,10,3,N,2018,FC,NA,5054.54545454546
59,11,3,NS,2018,FC,NA,5472.72727272728
59,9,3,S,2018,FC,NA,3954.54545454546
59,16,4,Control,2018,FC,NA,3709.09090909091
59,14,4,N,2018,FC,NA,5832
59,15,4,NS,2018,FC,NA,5972.72727272728
59,13,4,S,2018,FC,NA,5454.54545454546
